<?xml version="1.0" encoding="UTF-8"?>
<project-private xmlns="http://www.netbeans.org/ns/project-private/1">
    <editor-bookmarks xmlns="http://www.netbeans.org/ns/editor-bookmarks/2" lastBookmarkId="0"/>
    <open-files xmlns="http://www.netbeans.org/ns/projectui-open-files/2">
        <group>
            <file>file:/C:/Users/92060001/Documents/Data%20Structure%20&amp;%20Algorithms/HospitalRecords/src/hospitalrecords/HospitalRecords.java</file>
            <file>file:/C:/Users/92060001/Documents/Data%20Structure%20&amp;%20Algorithms/HospitalRecords/src/hospitalrecords/Patient.java</file>
        </group>
    </open-files>
</project-private>
